{
    "model_vgg11_epochs_3_1_cuda_rank_0": {
        "world_size": 1,
        "rank": 0,
        "device": "cuda",
        "training_times": [
            15.050660799500008,
            14.578957912999954,
            14.502390770499971
        ],
        "train_losses": [
            2.279784891264779,
            1.5271041556767055,
            1.3694493007659911
        ],
        "train_accurcy": [
            24.941964285714285,
            43.83482142857143,
            50.127232142857146
        ],
        "validation_times": [
            15.050660799500008,
            14.578957912999954,
            14.502390770499971
        ],
        "validation_losses": [
            1.6481902034659135,
            1.434761367346111,
            1.2656943986290379
        ],
        "validation_accurcy": [
            40.254934210526315,
            50.1233552631579,
            54.296875
        ],
        "test_time": 2.8344918049999706,
        "test_loss": 1.2682036191989214,
        "test_acc": 54.63741987179487,
        "epoch_times": [
            30.101321599000016,
            29.157915825999908,
            29.004781540999943
        ],
        "train_throughputs": [
            1565.2364165403267,
            1624.4528638972574,
            1630.993737767436
        ],
        "validation_throughputs": [
            3759.4022445317137,
            3696.5107101021363,
            3821.2238774843895
        ],
        "test_throughput": 3625.127901267792,
        "confusion_matrix": [
            [
                602,
                78,
                68,
                5,
                27,
                11,
                13,
                42,
                86,
                66
            ],
            [
                16,
                754,
                0,
                4,
                5,
                2,
                5,
                25,
                9,
                179
            ],
            [
                76,
                31,
                244,
                32,
                189,
                156,
                92,
                131,
                12,
                36
            ],
            [
                24,
                27,
                44,
                166,
                70,
                342,
                103,
                146,
                14,
                61
            ],
            [
                28,
                16,
                55,
                23,
                429,
                70,
                113,
                234,
                10,
                22
            ],
            [
                9,
                12,
                44,
                56,
                43,
                549,
                40,
                203,
                10,
                31
            ],
            [
                4,
                18,
                22,
                38,
                90,
                34,
                690,
                42,
                5,
                57
            ],
            [
                10,
                13,
                8,
                15,
                60,
                83,
                12,
                758,
                1,
                37
            ],
            [
                126,
                139,
                8,
                7,
                18,
                10,
                4,
                15,
                568,
                102
            ],
            [
                33,
                180,
                0,
                2,
                6,
                4,
                10,
                58,
                12,
                695
            ]
        ]
    }
}