{
    "model_vgg11_epochs_3_1_cpu_rank_0": {
        "world_size": 1,
        "rank": 0,
        "device": "cpu",
        "training_times": [
            125.22641082599999,
            125.20621939200004,
            125.59581910999998
        ],
        "train_losses": [
            2.2952850798198154,
            1.5309208059310913,
            1.362043992451259
        ],
        "train_accurcy": [
            21.86607142857143,
            43.526785714285715,
            50.205357142857146
        ],
        "validation_times": [
            125.22641082599999,
            125.20621939200004,
            125.59581910999998
        ],
        "validation_losses": [
            1.6554733389302303,
            1.3981536187623675,
            1.2662717354925055
        ],
        "validation_accurcy": [
            38.34292763157895,
            49.03371710526316,
            54.296875
        ],
        "test_time": 16.660249164999982,
        "test_loss": 1.2390394913844573,
        "test_acc": 55.24839743589743,
        "epoch_times": [
            250.45282165199998,
            250.41243878400007,
            251.19163821999996
        ],
        "train_throughputs": [
            185.27418411781346,
            184.62843064745869,
            184.83554890166303
        ],
        "validation_throughputs": [
            569.0131712816351,
            641.8881459066736,
            564.7450942177667
        ],
        "test_throughput": 601.8466264003667,
        "confusion_matrix": [
            [
                655,
                27,
                48,
                18,
                2,
                0,
                20,
                6,
                150,
                72
            ],
            [
                33,
                612,
                2,
                6,
                2,
                0,
                11,
                4,
                55,
                274
            ],
            [
                111,
                13,
                428,
                102,
                59,
                41,
                139,
                30,
                29,
                47
            ],
            [
                37,
                12,
                95,
                472,
                22,
                69,
                153,
                30,
                35,
                72
            ],
            [
                73,
                5,
                209,
                87,
                241,
                17,
                179,
                132,
                25,
                32
            ],
            [
                25,
                6,
                113,
                387,
                20,
                270,
                64,
                52,
                28,
                32
            ],
            [
                11,
                4,
                49,
                70,
                26,
                3,
                767,
                8,
                8,
                54
            ],
            [
                35,
                6,
                48,
                106,
                43,
                40,
                37,
                566,
                8,
                108
            ],
            [
                85,
                56,
                7,
                16,
                0,
                0,
                6,
                1,
                745,
                81
            ],
            [
                34,
                108,
                8,
                13,
                2,
                1,
                23,
                3,
                48,
                760
            ]
        ]
    }
}