{
    "model_vgg11_epochs_3_2_cuda_rank_1": {
        "world_size": 2,
        "rank": 1,
        "device": "cuda",
        "training_times": [
            8.419710557999991,
            8.025459224499997,
            7.908094213500021
        ],
        "train_losses": [
            2.68918388328333,
            1.73327994620663,
            1.50897491800374
        ],
        "train_accurcy": [
            16.86871408045977,
            35.46156609195402,
            44.917385057471265
        ],
        "validation_times": [
            8.419710557999991,
            8.025459224499997,
            7.908094213500021
        ],
        "validation_losses": [
            2.0463425862161735,
            1.5780172222538997,
            1.5252268502586765
        ],
        "validation_accurcy": [
            23.087993421052634,
            42.1875,
            45.78536184210527
        ],
        "test_time": 2.6190771170000176,
        "test_loss": 1.5054924457501142,
        "test_acc": 46.344150641025635,
        "epoch_times": [
            16.839421115999983,
            16.050918448999994,
            15.816188427000043
        ],
        "train_throughputs": [
            1450.0999712703706,
            1517.6357137149532,
            1552.3005793825666
        ],
        "validation_throughputs": [
            4089.408438366185,
            4272.609123873232,
            4034.709249925981
        ],
        "test_throughput": 3960.021080448735,
        "confusion_matrix": [
            [
                593,
                116,
                11,
                2,
                5,
                6,
                11,
                13,
                139,
                102
            ],
            [
                14,
                825,
                0,
                1,
                0,
                2,
                7,
                3,
                25,
                122
            ],
            [
                159,
                96,
                123,
                44,
                71,
                129,
                178,
                108,
                30,
                61
            ],
            [
                53,
                114,
                40,
                153,
                5,
                284,
                117,
                76,
                32,
                123
            ],
            [
                64,
                84,
                58,
                29,
                113,
                68,
                288,
                196,
                23,
                77
            ],
            [
                27,
                56,
                48,
                75,
                11,
                493,
                54,
                133,
                38,
                62
            ],
            [
                13,
                131,
                25,
                21,
                8,
                42,
                641,
                23,
                9,
                87
            ],
            [
                41,
                74,
                10,
                18,
                13,
                74,
                38,
                580,
                9,
                140
            ],
            [
                103,
                183,
                1,
                0,
                0,
                8,
                3,
                3,
                586,
                110
            ],
            [
                22,
                390,
                0,
                2,
                0,
                4,
                10,
                10,
                42,
                520
            ]
        ]
    },
    "model_vgg11_epochs_3_2_cuda_rank_0": {
        "world_size": 2,
        "rank": 0,
        "device": "cuda",
        "training_times": [
            8.436272304999989,
            8.072915331499985,
            7.881278325500006
        ],
        "train_losses": [
            2.700020607860609,
            1.7278872098045788,
            1.514027139236187
        ],
        "train_accurcy": [
            16.31196120689655,
            35.425646551724135,
            44.50431034482759
        ],
        "validation_times": [
            8.436272304999989,
            8.072915331499985,
            7.881278325500006
        ],
        "validation_losses": [
            2.0463425862161735,
            1.5780172222538997,
            1.5252268502586765
        ],
        "validation_accurcy": [
            23.087993421052634,
            42.1875,
            45.78536184210527
        ],
        "test_time": 2.6922316480000177,
        "test_loss": 1.5054924457501142,
        "test_acc": 46.344150641025635,
        "epoch_times": [
            16.872544609999977,
            16.14583066299997,
            15.762556651000011
        ],
        "train_throughputs": [
            1450.0862599294403,
            1521.049138797323,
            1566.2486781482082
        ],
        "validation_throughputs": [
            3776.3964658774485,
            3800.8557210938416,
            3683.476083051307
        ],
        "test_throughput": 3834.425023274578,
        "confusion_matrix": [
            [
                593,
                116,
                11,
                2,
                5,
                6,
                11,
                13,
                139,
                102
            ],
            [
                14,
                825,
                0,
                1,
                0,
                2,
                7,
                3,
                25,
                122
            ],
            [
                159,
                96,
                123,
                44,
                71,
                129,
                178,
                108,
                30,
                61
            ],
            [
                53,
                114,
                40,
                153,
                5,
                284,
                117,
                76,
                32,
                123
            ],
            [
                64,
                84,
                58,
                29,
                113,
                68,
                288,
                196,
                23,
                77
            ],
            [
                27,
                56,
                48,
                75,
                11,
                493,
                54,
                133,
                38,
                62
            ],
            [
                13,
                131,
                25,
                21,
                8,
                42,
                641,
                23,
                9,
                87
            ],
            [
                41,
                74,
                10,
                18,
                13,
                74,
                38,
                580,
                9,
                140
            ],
            [
                103,
                183,
                1,
                0,
                0,
                8,
                3,
                3,
                586,
                110
            ],
            [
                22,
                390,
                0,
                2,
                0,
                4,
                10,
                10,
                42,
                520
            ]
        ]
    }
}