{
    "model_VGG16_epochs_3_1_GPUs_rank_0": {
        "world_size": 1,
        "rank": 0,
        "training_times": [
            314.987028592,
            313.965309855,
            312.5386191700002
        ],
        "train_losses": [
            4.0422830717130145,
            2.289768472652544,
            2.3472835462201727
        ],
        "train_accurcy": [
            0.11847478693181818,
            0.13148082386363635,
            0.11902965198863637
        ],
        "validation_times": [
            30.648005947,
            30.825172881999833,
            30.739440756000022
        ],
        "validation_losses": [
            2.2182155168509183,
            2.1354450062860417,
            2.0831309843666945
        ],
        "validation_accurcy": [
            0.14853639240506328,
            0.16594145569620253,
            0.1942246835443038
        ],
        "test_time": 62.040447935999964,
        "test_loss": 2.1321087149298115,
        "test_acc": 0.19864649681528662,
        "epoch_times": [
            352.27374964599994,
            357.76175887499994,
            370.2840990789998
        ]
    }
}