{
    "model_LeNet_epochs3_1_GPUs_rank0": {
        "world_size": 1,
        "rank": 0,
        "training_times": [
            27.044589610000003,
            27.00520494,
            27.421589160999986
        ],
        "train_losses": [
            0.4203550495169792,
            0.13605980083133398,
            0.10053583697561545
        ],
        "train_accuracy": [
            0.8644105450236966,
            0.9574200236966824,
            0.968546356635071
        ],
        "validation_times": [
            1.3401192769999852,
            1.9293925480000098,
            1.9772458369999981
        ],
        "validation_losses": [
            0.11575934816984103,
            0.07176722084454439,
            0.07067158070400338
        ],
        "validation_accuracy": [
            0.9617686170212766,
            0.9768949468085106,
            0.9765625
        ],
        "test_time": 2.1793172389999995,
        "test_loss": 0.05211719756606764,
        "test_acc": 0.9824281150159745,
        "epoch_times": [
            28.386720069999967,
            28.937262148000002,
            29.40053491599997
        ]
    }
}