{
    "model_LeNet_epochs3_2_GPUs_rank1": {
        "world_size": 2,
        "rank": 1,
        "training_times": [
            13.73743117700019,
            12.649604141999816,
            13.16236787999992
        ],
        "train_losses": [
            0.5418079230952036,
            0.16810286030398408,
            0.11886451182494126
        ],
        "train_accuracy": [
            0.82737213669795,
            0.9475957741387082,
            0.962603672985782
        ],
        "validation_times": [
            0.7099809310000182,
            0.6295477810001557,
            0.6337518459999956
        ],
        "validation_losses": [
            0.13902060206028374,
            0.09668821225220219,
            0.08566834178673936
        ],
        "validation_accuracy": [
            0.9578900711333498,
            0.9684175531914894,
            0.9727393617021277
        ],
        "test_time": 2.090253348000033,
        "test_loss": 0.06833354184815374,
        "test_acc": 0.979832268370607,
        "epoch_times": [
            14.447415440999976,
            13.279155370000126,
            13.796124790999784
        ]
    },
    "model_LeNet_epochs3_2_GPUs_rank0": {
        "world_size": 2,
        "rank": 0,
        "training_times": [
            13.738709679999829,
            12.638603610000018,
            13.138281432999975
        ],
        "train_losses": [
            0.5435275039326629,
            0.165730611001852,
            0.12169096287024335
        ],
        "train_accuracy": [
            0.827112954233495,
            0.9497432859870495,
            0.9617150473933649
        ],
        "validation_times": [
            0.7183019239998885,
            0.6519724169997971,
            0.6496801490000053
        ],
        "validation_losses": [
            0.12647571341392208,
            0.08549104412978,
            0.08088725861013332
        ],
        "validation_accuracy": [
            0.957779255319149,
            0.9722960997135082,
            0.9746232273730826
        ],
        "test_time": 2.160574120999854,
        "test_loss": 0.06106961487246433,
        "test_acc": 0.9808306709265175,
        "epoch_times": [
            14.459753775000081,
            13.292189989999997,
            13.789454888999899
        ]
    }
}