{
    "model_RNN_epochs_10_1_GPUs_rank_0": {
        "world_size": 1,
        "rank": 0,
        "training_times": [
            47.21938728400005,
            47.52543421600001,
            48.41811594000001,
            48.73528775199998,
            48.10092268400001,
            48.08336646399994,
            48.22421732500004,
            48.46162185999992,
            48.69750100099998,
            48.01227817899996
        ],
        "train_losses": [
            5.328971595094915,
            4.701567164638586,
            4.36776998586822,
            4.154551150506003,
            3.91211590014006,
            3.648524154696548,
            3.4476518630981445,
            3.2211110257265863,
            3.052326704326429,
            2.9112485124353777
        ],
        "train_accurcy": [
            0.0,
            0.0,
            0.0,
            0.0,
            0.0,
            0.0,
            0.0,
            0.0,
            0.0,
            0.0
        ],
        "validation_times": [
            1.1649801369999295,
            0.9075585339999179,
            0.912685478999947,
            0.9267996670000684,
            1.1820343159999993,
            0.9131375440000511,
            0.9127034970000523,
            0.9187326259999509,
            0.9121265480000602,
            1.1790278419999822
        ],
        "validation_losses": [
            5.235696077346802,
            4.91761040687561,
            4.749363899230957,
            4.557952404022217,
            4.426362752914429,
            4.261915683746338,
            4.088553428649902,
            3.9933552742004395,
            3.89883291721344,
            3.8043683767318726
        ],
        "validation_accurcy": [
            0.0,
            0.0,
            0.0,
            0.0,
            0.0,
            0.0,
            0.0,
            0.0,
            0.0,
            0.0
        ],
        "test_time": 1.1749561159999757,
        "test_loss": 3.7822307348251343,
        "test_acc": 0.0,
        "epoch_times": [
            48.52713224600001,
            48.56971963899991,
            49.46990216500001,
            49.80037952500004,
            49.42700838899998,
            49.12719333300004,
            49.26355984300005,
            49.509071748999986,
            49.73750265599995,
            49.37654240500001
        ]
    }
}