{
    "model_RNN_epochs_10_2_GPUs_rank_0": {
        "world_size": 2,
        "rank": 0,
        "training_times": [
            25.567517868000095,
            25.33570116199985,
            25.471582045000105,
            25.732810755999935,
            25.646146068999997,
            25.91413895100004,
            26.046393622999858,
            26.115473633999954,
            26.33104997600003,
            26.19674773099996
        ],
        "train_losses": [
            5.661029305951349,
            4.922731925701273,
            4.693945440752753,
            4.447870534041832,
            4.3064747185542664,
            4.158082986700124,
            4.053849458694458,
            3.8930529561536065,
            3.717121757310012,
            3.5861997604370117
        ],
        "train_accurcy": [
            0.0,
            0.0,
            0.0,
            0.0,
            0.0,
            0.0,
            0.0,
            0.0,
            0.0,
            0.0
        ],
        "validation_times": [
            0.4791042419999485,
            0.4970360669999536,
            0.49852909500009446,
            0.49570604199993795,
            0.49840070499999456,
            0.4934690490001685,
            0.4950706239999363,
            0.49461185799987106,
            0.5102737069998966,
            0.4974567230001412
        ],
        "validation_losses": [
            5.040771961212158,
            5.097768783569336,
            4.970693111419678,
            4.862420082092285,
            4.763056755065918,
            4.682205677032471,
            4.5683979988098145,
            4.466502666473389,
            4.337643623352051,
            4.224372863769531
        ],
        "validation_accurcy": [
            0.0,
            0.0,
            0.0,
            0.0,
            0.0,
            0.0,
            0.0,
            0.0,
            0.0,
            0.0
        ],
        "test_time": 0.9479401890000645,
        "test_loss": 4.212973594665527,
        "test_acc": 0.0,
        "epoch_times": [
            26.180205061999914,
            25.832741076000048,
            26.098612541999955,
            26.350350820999893,
            26.24944852500016,
            26.519015871999954,
            26.646267348000038,
            26.729566000999966,
            26.95067475099995,
            26.806744598000023
        ]
    },
    "model_RNN_epochs_10_2_GPUs_rank_1": {
        "world_size": 2,
        "rank": 1,
        "training_times": [
            25.57106943200006,
            25.33577693899997,
            25.502388765999967,
            25.725477869000088,
            25.654619815999922,
            25.914176620000035,
            26.046177725000007,
            26.115829895999923,
            26.33105741700001,
            26.196735877000037
        ],
        "train_losses": [
            5.671406696582663,
            4.9276358341348585,
            4.685311777838345,
            4.48235036586893,
            4.323527319677945,
            4.182265807842386,
            4.056106690702768,
            3.899515283518824,
            3.723340388002067,
            3.5555033108283736
        ],
        "train_accurcy": [
            0.0,
            0.0,
            0.0,
            0.0,
            0.0,
            0.0,
            0.0,
            0.0,
            0.0,
            0.0
        ],
        "validation_times": [
            0.455783700999973,
            0.46614715999999135,
            0.4890518610000072,
            0.4705622819999462,
            0.46927779399993597,
            0.46996926600013467,
            0.4697640340000362,
            0.48370240099984585,
            0.4876392129999658,
            0.4777137460000631
        ],
        "validation_losses": [
            5.016409873962402,
            5.0713396072387695,
            4.929605960845947,
            4.824228763580322,
            4.726771831512451,
            4.667712688446045,
            4.536979675292969,
            4.445293426513672,
            4.345590114593506,
            4.255024433135986
        ],
        "validation_accurcy": [
            0.0,
            0.0,
            0.0,
            0.0,
            0.0,
            0.0,
            0.0,
            0.0,
            0.0,
            0.0
        ],
        "test_time": 1.0217809890000353,
        "test_loss": 4.212973594665527,
        "test_acc": 0.0,
        "epoch_times": [
            26.183743252999875,
            25.801928161999967,
            26.13642857900004,
            26.33454024899993,
            26.25794479299998,
            26.519053746000054,
            26.646069128999898,
            26.72976722300018,
            26.950681394999947,
            26.806792459000008
        ]
    }
}