{
    "seq2seq_CPU_rank_0": {
        "world_size": 1,
        "training_times": [
            4728.191455022,
            4639.703719225,
            4805.604275891999
        ],
        "train_losses": [
            4.622460786405183,
            3.553617790489239,
            2.9515815217544907
        ],
        "validation_times": [
            51.316296501999204,
            50.59680616500009,
            50.51815541700125
        ],
        "validation_losses": [
            4.42173670232296,
            3.6954286247491837,
            3.4480231031775475
        ],
        "test_losses": [
            4.412299059331417,
            3.643242083489895,
            3.4256437495350838
        ],
        "epoch_times": [
            4829.214300287001,
            4738.426199541001,
            4903.8742214170015
        ],
        "train_throughputs": [
            6.133426886962149,
            6.250401513445986,
            6.034641232402074
        ],
        "validation_throughputs": [
            19.760023922559053,
            20.040883648905456,
            20.072091306365795
        ],
        "test_throughputs": [
            20.17037207856155,
            20.87622936145568,
            21.036245416837644
        ],
        "rank": 0
    }
}