{
    "seq2seq_1_GPUs_rank_0": {
        "world_size": 1,
        "training_times": [
            102.24993000799998,
            102.49339065699996,
            102.04161789099999
        ],
        "train_losses": [
            4.574521901457681,
            3.485377945736987,
            2.882129845309021
        ],
        "validation_times": [
            1.292497529000002,
            1.184712897000054,
            1.1368308980000847
        ],
        "validation_losses": [
            4.347599282860756,
            3.662433736026287,
            3.4291222766041756
        ],
        "test_losses": [
            4.334035694599152,
            3.6540475636720657,
            3.4340686425566673
        ],
        "epoch_times": [
            105.11357614199994,
            104.984718391,
            104.52373206200002
        ],
        "train_throughputs": [
            283.61998256541466,
            282.94679593205444,
            284.1988668664352
        ],
        "validation_throughputs": [
            784.6125992585049,
            856.0308838788088,
            892.0509689174295
        ],
        "test_throughputs": [
            727.1103764814455,
            894.6432925992524,
            887.5129952426042
        ],
        "rank": 0
    }
}