{
    "seq2seq_2_GPUs_rank_0": {
        "world_size": 2,
        "training_times": [
            84.02333815200001,
            85.85702671200005,
            85.94509589300003
        ],
        "train_losses": [
            4.897880705442723,
            4.023749673419061,
            3.4252334255478982
        ],
        "validation_times": [
            0.4371188009999969,
            0.4435279690000016,
            0.44660349499997665
        ],
        "validation_losses": [
            4.531352519989014,
            4.079078838229179,
            3.5586110204458237
        ],
        "test_losses": [
            4.498618096113205,
            4.011878550052643,
            3.5187797993421555
        ],
        "epoch_times": [
            85.02938487100005,
            86.97389585800005,
            87.08304333399997
        ],
        "train_throughputs": [
            172.5721555692326,
            168.88682108731174,
            168.71331752337238
        ],
        "validation_throughputs": [
            1160.2112486096096,
            1143.5013726493173,
            1135.5824144065941
        ],
        "test_throughputs": [
            1169.1166492004531,
            1153.410101833938,
            1123.7132934977894
        ],
        "rank": 0
    },
    "seq2seq_2_GPUs_rank_1": {
        "world_size": 2,
        "training_times": [
            84.17844852799999,
            85.53155367599993,
            85.70508055200003
        ],
        "train_losses": [
            4.910225219138393,
            4.030207138229572,
            3.433088398189797
        ],
        "validation_times": [
            0.6846389849999923,
            0.6978274839999585,
            0.7053902580000795
        ],
        "validation_losses": [
            4.7689816653728485,
            4.381381869316101,
            3.9194193333387375
        ],
        "test_losses": [
            4.762914210557938,
            4.370706707239151,
            3.904222786426544
        ],
        "epoch_times": [
            85.50995546099995,
            86.88849844999999,
            87.073356171
        ],
        "train_throughputs": [
            172.254095203224,
            169.52918626805504,
            169.18601004861696
        ],
        "validation_throughputs": [
            740.6865828026123,
            726.7162677132317,
            718.8929501173961
        ],
        "test_throughputs": [
            773.1108221428454,
            758.7456629148468,
            754.4531400433962
        ],
        "rank": 1
    }
}